fold,train_mae,val_mae,train_rmse,val_rmse,train_r2,val_r2
1,0.31103567387698533,0.4155050746408414,0.4005951653164383,0.5247335833715078,0.7312538364844954,0.4154038566901497
2,0.3065920230454841,0.4572593563096357,0.39342130482122073,0.5955456521793049,0.7236962942085248,0.43005075397195813
3,0.31229474691721965,0.4366247032031106,0.406884992286027,0.5543787101249932,0.7052335162778084,0.5053085020595094
4,0.3201326206502198,0.42129452663777034,0.41148840796411734,0.5518745577915828,0.7056783053269615,0.45844146128702423
5,0.31021274860179765,0.4665271541532481,0.3960532206187155,0.5993032299906639,0.7264722665772966,0.37485825861692146
